Nombre,Visitado,Ciudad,Nacionalidad,Tipo,Precio,Opción de tapas,Valoración,Notes,Dirección,Opciones veganas,Plato1,Plato2,Plato3
"9,5 bar",Yes,Corralejo (Fuerteventura),Italiana,"Café, Desayunos",Barato,No,8,Super rico para desayunos. Focaccia con mortadela y crema de pistacho super rica,"C. Lepanto, 13",No,,,
12 tapas,Yes,Castilleja de la cuesta,Española,"Almuerzo/Cena, Postre/Tartas",Alto,No,8,"Simplemente espectacular. El puchero divino, ostra genial. Chipirones suuper buenos y solomillo divino. Proxima vez pedir arroz en vez de solomillo por probar. De postres torrija y en vez de tocino de cielo otra cosa. Migas tambien geniales","C. Parroco Antonio Pastor Portillo, 2",No,,,
A la Française,Yes,Gdańsk (Polonia),Francesa,"Café, Desayunos",Medio,No,0,,Spichrzowa 24,No,,,
A Sagres,Yes,Sagres,Portuguesa,Almuerzo/Cena,"Alto, Medio",No,8,Arroz con pulpo muy rico. El bistec no recomendable. Sardinas y chipirones ricos aunque todo relativamente caro,Ecovia do Litoral,No,,,
A Travesía dos Soños,Yes,Sarria (Galicia),Española,Almuerzo/Cena,"Barato, Medio",No,8,Muy rico. Zamburiñas y tortilla recomendable. Croquetas average.,"Travesía Igrexa, 5",No,,,
Abantal ⭐️,Yes,Sevilla,Española,"Almuerzo/Cena, Café, Postre/Tartas",Muy alto,No,9,Restaurante estrella Michelin. Comida buenísima y el gran menú degustación tenía demasiada cantidad. Elegir otro más bajo la próxima vez,"C. Alcalde José de la Bandera, 7 Sevilla, Spain",No,,,
Akita Ramen,Yes,Cracovia,Japonesa,Almuerzo/Cena,Medio,No,9,Mejor de ramen de Cracovia,Wegłowa 4,No,,,
Akti,Yes,Atenas (Grecia),Griega,Almuerzo/Cena,Medio,No,8,"Genial para pescado. Saganaki con gambas riquisimo, pulpo normal, calamares buenisimos. Evitar los mejillones, tienen mostaza",Akti Themistokleous 348,No,,,
Al Medina,Yes,Cracovia,Persa,Almuerzo/Cena,"Barato, Medio",No,7,"[Update] Decepción la última vez que fui. —————-Muuuuy rico todo la verdad. Humus con cordero (mutton) ideal, parrillada de dos muy rica, el pollo un poco seco. Rollitos de cordero y queso súper geniales. Servicio lento. Baklava también genial.",Szeroka 22,Yes,,,
Alchemia,Yes,Cracovia,-,Copas,Barato,No,7,Bar decoración rollo vieja/street pub,Estery 5,No,,,
Alejo’s Tapas,Yes,Cracovia,Española,Almuerzo/Cena,"Alto, Medio",No,6,"Muy muy flojito. Picaña ok, bravas muy reguleras. Risotto no destacable. Creme brûlée muy bueno. Brownie nada especial. Muy caro para lo que es","Świętego Filipa 16, 31-150 Kraków",No,,,
Alexandros Restaurant,Yes,Kefalonia,Griega,Almuerzo/Cena,Barato,No,8,,"Myrtos, Divarata",No,,,
Ali baba,Yes,Cracovia,Persa,Almuerzo/Cena,"Barato, Medio",No,6,Muy normalito. Hummus ok y grill para dos bien pero falta de sal,plac Wolnica 11,No,,,
Ali Baba restaurant,Yes,Cracovia,Siria,Almuerzo/Cena,Barato,No,6,No muy esoectacular. Hummus bueno pero parrilla un poco seca.,plac Wolnica 11,No,,,
Almanaque,Yes,Cádiz,Española,Almuerzo/Cena,Alto,Yes,9,El arroz y la ensaladilla de gambas para llorar. Los chipirones rellenos de salsa boloñesa muy buenos. Las medias lunas y las almejas no tan destacables.,"Pl. de España, 5 duplicado, local, 11006 Cádiz, Spain",No,,,
ALQA - El Restaurante del Museo,Yes,Ollantaytambo (Perú),Peruana,Almuerzo/Cena,Alto,No,8,"Muy rico. Cuidado con el tartar de alpaca porque lleva remolacha. Solomillo de alpaca espectacular, y trucha tambien. Flan exquisito",Sipas Calle,No,,,
"Arismari, Cretan Creative Cuisine Αρισμαρί, Από Την Κρητική Γη",Yes,Chania (Creta),Griega,Almuerzo/Cena,"Alto, Medio",No,8,"De lo mejorcito de Chania. Las gambas saganaki super ricas, el erizo no tanto. Macarrones increibles y moussakas average pero volveria",Akti Kountourioti 55,No,,,
Ark.,Yes,Atenas,Internacional,"Café, Desayunos, Postre/Tartas",Medio,No,8,"El sitio genial para disfrutar junto al mar y de un desayuno. El croque madame decente, las pancakes mejor no","Grigoriou Lampraki 2, Glifada",No,,,
Arribale,Yes,Lagos,Portuguesa,Almuerzo/Cena,"Alto, Medio",No,6,Pedimos parrillada y la carne estaba bien pero extremadamente caro. Camareros no muy agradables. No merece la pena calidad precio,R. da Barroca 40,No,,,
Artemis family tavern,Yes,Emporios (Chios),Griega,Almuerzo/Cena,"Barato, Medio",No,8,"Super rico y comida casera. Los chicharos exquisitos, queso frito super bueno y sardinas. La carne de cabra con krizaroto muy buena.",Epar.Od. Pirgi - Emporios,No,,,
Asador La Perdida,Yes,Dos Hermanas (Sevilla),Española,Almuerzo/Cena,"Alto, Muy alto",No,9,Carnes increíbles. El tartar para morirse,"Ctra. Dos Hermanas Utrera km, 2, 4",No,,,
Astrid,Yes,Cracovia,Internacional,"Café, Desayunos",Medio,No,8,,Stefana Batorego 1a,No,,,
Avanico,Yes,Jerez de la Frontera,Español,Almuerzo/Cena,Medio,No,7,"Comida cara para lo que es. Pescado en tempura no me gustó. Ensaladilla, tartar y croquetas correctas.","P.º la Rosaleda, 4",No,,,
Az-Zait,Yes,Sevilla,Española,Almuerzo/Cena,Alto,No,7,"No está mal pero demasiado caro para el precio. Entrantes como la galleta, carpaccio y huevo super ricos. Presa y cochinillo flojo. Coulant bueno pero maceta regulera","Pl. S. Lorenzo, 1",No,,,
Bąkowo Zohylina Niźnio,Yes,Zakopane,Polaca,Almuerzo/Cena,"Barato, Medio",No,7,Sopa de champiñones buena. Pierogis NO recomendables. Parrillada no muy especial. Salchicha de cordero no especial. Oscypek ok.,,No,,,
Balıkçı Meyhanesi Kaleiçi,Yes,Antalya (Turquía),Turca,Almuerzo/Cena,Medio,No,7,No estuvo mal. Destacable las gambas de azafran. Hummus bien. Pulpo asado no espectacular,"Kılınçarslan, Hıdırlık Sk. No:17",No,,,
Bandiera,Yes,Atenas (Grecia),Griega,Almuerzo/Cena,Medio,No,6,Muy de guiris. No recomendable,,No,,,
Bar Antojo,Yes,Sevilla,Española,Almuerzo/Cena,Medio,Yes,7,"Nada destacable, tapas decentes. Las bravas buenas y los puerros buenos. Las gyozas y el solomillo no muy allá. Carbón de bacalao muy seco.",,No,,,
Bar Casa Casimiro,Yes,Sevilla,Española,Almuerzo/Cena,Barato,Yes,6,Mejor pulpo de Sevilla. Calabacines también buenos. Resto de comida aceptable,"Av. de Coria, 19",No,,,
Bar Frasco,Yes,Dos Hermanas (Sevilla),Española,Almuerzo/Cena,Medio,Yes,7,Comida buena. Solomillo de ternera tierno y patatas caseras. Coquinas también decentes pero muchas cerradas,"Calle Sierra Morena, 16, 41702 Dos Hermanas, Sevilla",No,,,
BAR Kraków,Yes,Cracovia,Internacional,Almuerzo/Cena,Medio,No,7,Not bad. Wonton bien,Augustiańska 1,No,,,
Bar restaurante Fuera de Carta Bermejales,Yes,Sevilla,Española,Almuerzo/Cena,"Barato, Medio",Yes,6,"Ensaladilla súper rica. Bravas, canelón y albóndigas muy mediocres. Caro para lo que es","Avenida de Finlandia, n°5",No,,,
Bar Salomón Rey de los Pinchitos,Yes,Sevilla,Española,Almuerzo/Cena,Barato,Yes,7,Mejores pinchitos de Sevilla. Lomo a la brasa muy bueno y bravas también. El resto aceptable,"Lopez de Gomara, 11, 41010 Sevilla",No,,,
Bar Santa Marta,Yes,Sevilla,Española,Almuerzo/Cena,Barato,Yes,6,Tortillas buenas y pescado también. Típico bar de barrio,"Calle Angostillo, 2",No,,,
Bar tapas Oscar,Yes,Corralejo (Fuerteventura),Española,Almuerzo/Cena,Medio,No,6,Overpriced. Camareros un poco gilipollas. La cabra nada del otro mundo. Lapas ricas. Queso frito no muy allá.,"Calle Iglesia, 17",No,,,
Barfly,Yes,Cracovia,Polaca,Almuerzo/Cena,Barato,No,7,Buenisimas las sopas. Resto de menú normal,Józefa 15,No,,,
Barra José Alvarez,No,El Ejido (Almería),Española,Almuerzo/Cena,Alto,Yes,0,Precio medio 25/30 euros por persona y se puede tapear. Estrella Michelin,"OFB, Bulevar de el Ejido, 46",No,,,
Bayram Usta Yaprak Kebap,Yes,Ankara (Turquía),Turca,Almuerzo/Cena,Barato,No,8,Carne riquísima. Yaprak kebab y Adania espectacular. Te ofrecen te gratis,"İşçi Blokları, Mevlana",No,,,
Bayramoğlu Döner,Yes,Estambul (Turquía),Turca,Almuerzo/Cena,Barato,No,9,Mejor kebab del planeta. Merece la pena el visje,"Rüzgarlıbahçe, Cumhuriyet Cd. No:2",No,,,
Beef bar,Yes,Praga,Argentina,Almuerzo/Cena,"Alto, Medio",No,8,"Muy rico en general. Las empanadas muy buenas, tartar también. Pedimos el solomillo y super rico. El pastrami bueno aunque te lo ponen con pan bimbo",Na Perštýně 10,No,,,
Beef Burger Bar,Yes,Cracovia,Americana,Almuerzo/Cena,Barato,No,0,,,No,,,
Big Hat of Coffee,Yes,Cracovia,-,Café,Barato,No,0,,Zwierzyniecka 15,No,,,
Bistro Bene,Yes,Cracovia,Universal,"Almuerzo/Cena, Café, Desayunos",Alto,No,9,,,No,,,
Bistro Charlotte,Yes,Cracovia,Francesa,Desayunos,Alto,No,7,Muy buenos los croissant con chocolate blanco. Destacable el Croque Madame,,No,,,
Blossom,Yes,Cracovia,,"Café, Desayunos",Medio,No,8,"Desayunos ricos. Me gustó el revuelto de huevos, queso cheddar y bacon","Rakowicka 20, 31-510 Kraków",No,,,
Boccanera,Yes,Cracovia,Italiana,"Almuerzo/Cena, Postre/Tartas",Medio,No,6,No muy bueno para el precio. Pizza regulera. Destacable pappardelle con ternera. Focaccia ok. No para volver,Świętego Tomasza 15,No,,,
Bodeboka Gastrobar,No,El Ejido (Almería),Española,Almuerzo/Cena,Alto,Yes,0,,,No,,,
Bodegón ensuPunto,Yes,Bormujos,Española,Almuerzo/Cena,Medio,No,8,"Muy rico todo. La verdina super rica, mas que la fabada. Croquetas muy ricas y cachopo ensupunto.","C. Ramón y Cajal, 16",No,,,
Brama,Yes,Cefalù (Sicilia),Italiana,Almuerzo/Cena,Alto,No,8,"De lo mejorcito de Sicilia. Pasta con gambas muy ricas y la de patata también. Evitaría el plato de pescado con melon, era mojama y caro. El postre de limón rico.","Via Nicola Botta, 13",No,,,
Brownie circles,Yes,Bangalore (India),Internacional,"Café, Postre/Tartas",Barato,No,8,De los mejores brownies que he probado. El de cheesecake y de galletas para llorar. El café normalito,"3051, 80 Feet Rd, near YLG Salon",No,,,
Burger Food Porn,Yes,Sevilla,Española,Almuerzo/Cena,"Barato, Medio",No,8,"Mejores hamburguesas de Sevilla ahora mismo. La del concurso espectacular. Por poner pegas les faltaba un pelin de sal. Tartas de pistacho y queso no recomendables.
Croquetas buenas, alitas no.

Destacar la hamburguesa de la abuela y la de double cheeseburger aunque no se le notaba mucho el toque a chistorra.",,No,,,
Busz,Yes,Cracovia,,"Café, Postre/Tartas",Barato,No,8,Sitio súper bonito con un jardín y escondido. La tarta de oreo y el café muy rico,Mikołajska 13/1.2,No,,,
By the way,Yes,Cracovia,Italiana,Almuerzo/Cena,Medio,No,7,Carbonara okay. Spaghetti con seafood muy cortitos pero no está mal para Cracovia. Caro para lo que es. Gambas al ajillo average. Crème brûlée y tiramisu decentes,Juliusza Lea 16A,No,,,
Ca’ Mario,Yes,Telde (Gran Canaria),Española,Almuerzo/Cena,"Alto, Medio",No,8,Bien pero caro para lo que es. Arroz negro demasiado caldoso. Nigiri de boquerones rico y solomillo not bad,"C. Cervantes, 3",No,,,
Cafe Bunkier,Yes,Cracovia,,"Almuerzo/Cena, Café",Medio,No,8,Café y chocolate razonables. Destacables los baggels de pollo y queso,Plac Szczepanski 3a,No,,,
Café Del Valle,Yes,Sevilla,,Café,Medio,No,8,Café y tartas bastante buenos,"Calle Virgen del Valle, 8",No,,,
Café Lisboa,Yes,Cracovia,Portuguesa,Café,Barato,No,8,,Dolnych Młynów 3/4,No,,,
Caffè del Kassaro,Yes,Palermo (Sicilia),Italiana,Almuerzo/Cena,Barato,No,6,Comida de rancho. Pasta abundante y barata. Muchos locales pero nada del otro mundo.,"Via Vittorio Emanuele, 390",No,,,
Cambrinus,Yes,Brujas,Belga,Almuerzo/Cena,"Alto, Medio",No,7,"Sitio para beber cerveza y el estofado. Evitar las croquetas de camarones, vienen dos y carisimas. Pan de cerveza ok pero no me lo pediría. Bien como sitio tradicional si no tienes otra cosa",Philipstockstraat 19,No,,,
Cañabota,Yes,Sevilla,Española,Almuerzo/Cena,Alto,No,8,"Frito variado, almejas, ostras y croquetas muy buenas. Un poco caro","C. Orfila, 3",No,,,
Cannibale Royale Handboogstraat,Yes,Amsterdam,Americana,Almuerzo/Cena,"Alto, Medio",No,7,Costillas muy ricas. Hamburguesa correcta. Mac and cheese muy aceitoso,"Handboogstraat 17a, 1012 XM",No,,,
Cargo & grill,Yes,Cracovia,Internacional,Almuerzo/Cena,Alto,No,8,No está mal pero un pcoo caro. Rib-eye muchi mejor que el New York steak. Salsa de mirl mejor que chimichurri. El proseco de bienvenida es caro. El tartar decente,plac Nowy 9,No,,,
ÇARK balık Çeşme,Yes,Çeşme (Turquía),Turca,Almuerzo/Cena,"Alto, Medio",No,8,Bar de pescado. El pulpo y los calamares super ricos.,"16 Eylül, 3047. Sk. no:7/A",No,,,
Casa Alongos,Yes,Melide (Galicia),Española,Almuerzo/Cena,Medio,No,8,Rico para parar. Vilanderas increibles. Pulpo rico. Solomillo genial. Arroz con leche super bueno.,Rua Camiño Vello de Santiago,No,,,
Casa Carola,Yes,Madrid,Española,Almuerzo/Cena,"Alto, Medio",No,8,"Caldo increíble. Reservar con antelación, hay que ir con hambre. Puro cocido madrileño","C. de Padilla, 54",No,,,
Casa Cusqueña Restaurante,Yes,Cuzco (Perú),Peruana,Almuerzo/Cena,"Alto, Medio",No,8,Ideal para probar el lechón cuzqueño!!! Causa de lakibertad muy original. Muy rico.,Portal Belen 115,No,,,
Casa Dani,Yes,Madrid,Española,Almuerzo/Cena,"Barato, Medio",No,8,Tortilla espectacular. Secreto muy rico. Tienen menú del día. El revuelto con chorizo prescindible. Croquetas no muy reseñables. Comida casera. Colas larguísimas así que conviene ir temprano,"Cl. de Ayala, 28, 28001 Madrid, Spain",No,,,
Casa de Gula,Yes,Sevilla,Española,Almuerzo/Cena,Medio,Yes,6,Ambientado en la Peste. Tapas buenas pero no destacables,Calle Álvarez Quintero 9,No,,,
Casa Miranda,Yes,Betanzos (Galicia),Española,Almuerzo/Cena,Medio,No,8,Reservar con antelación y temprano. Mejores tortillas de España. Zamburiñas recomendables y la cecina muy buena,"Travesía Progreso, 5, 15300 Betanzos, C",No,,,
Casa Nené,Yes,Arzúa (Galicia),Española,Almuerzo/Cena,Medio,No,8,"Muy rico todo. Zamburiñas riquísimas, croca de vaca, ensaladilla y croquetas divinas. La tarta se queso un poco seca. Hay que reservar",,No,,,
Casa Ricardo,Yes,Sevilla,Española,Almuerzo/Cena,Barato,Yes,7,"Croquetas imprescindibles, de las mejores de sevilla, atún buenísimo","Calle Hernán Cortés, 2",No,,,
Casa Tere,Yes,Baeza (Jaén),Española,Almuerzo/Cena,"Barato, Medio",No,6,Croquetas muy ricas. Lagartito no muy allá. Cachopo ok. Servicio lentísimo.,"P.º Portales Carbonería, 7",No,,,
Churrasco Argentino,Yes,Brujas,Argentina,Almuerzo/Cena,"Alto, Medio",No,6,"No merece la pena. Comida de rancho con un poco de categoría. Picaña aceptable, chorizo normal y una empanada grande pero tampoco espectacular.",Vlamingstraat 76,No,,,
Ciastkarnia Vanilla,Yes,Cracovia,Polaca,Postre/Tartas,Barato,No,8,Tarta de zanahoria y la de limón con merengue súper ricas,"Brzozowa 13, 31-050 Kraków",No,,,
Civico TreUnoTre,Yes,Portoferraio (Elba),Italiana,Almuerzo/Cena,Medio,No,8,"Mejor carbonara que he probado. La de trufa espectacular. Penne con cangrejos no muy destacables. Pappardelle al ragú ricos.
Tartar un 7. Crème brûlée rica tiramisu regulero",Via Colonnello Marco Antonio Carpani,No,,,
Clan - Cocina de Autor,Yes,Arequipa (Perú),Peruana,Almuerzo/Cena,Alto,No,8,Muy rico. Los entrantes de albondigas de langostinos genial. Pedir la menta con mortero. La trucha bo muy allá pero la crema muy rica. Los postres no me emocionaron,Santa Catalina 105,No,,,
Codex,Yes,Santiago de Compostela,Española,Almuerzo/Cena,"Alto, Medio",No,7,No estuvo mal. Chipirones plancha super ricos. Navajas ricas. Almejas y caldo gallego no muy allá. Ostras average,"Rúa dos Bautizados, 13",No,,,
Corner Burger,Yes,Cracovia,Americana,Almuerzo/Cena,Medio,No,8,Buenas hamburguesas en general,Dajwór 25,No,,,
Crazy pig,Yes,Cracovia,Americana,Almuerzo/Cena,Medio,No,8,Costillas suuuper tiernas. Alitas no merecen la pena,Kupa 24/2,No,,,
Crumble Cake,Yes,Riga,Letona,"Café, Desayunos, Postre/Tartas",Medio,No,8,Rico aunque un poco caro. La tarta de queso y limón súper rica. Capuchinos también. No pedir matcha,Jāņa iela 14,No,,,
Culto ao Bacalhau,Yes,Porto,Portuguesa,Almuerzo/Cena,"Alto, Medio",No,8,Muy rico el bacalao au bras. Las empanadas y buñuelos normales. Servicio excelente. El bacalao a ze do pipo no muy espectacular,"Piso Galeria, R. Formosa 322 Loja R8",No,,,
Czekoladziarnia,Yes,Wrocław,Polaca,"Café, Postre/Tartas","Barato, Medio",No,7,Chocolate caliente muy rico. La tarta de brownie seca. La galleta de zanahoria rica,Więzienna 31,No,,,
Dafni,Yes,Rodas (Grecia),Griega,Almuerzo/Cena,"Barato, Medio",No,8,Comida y servicio súper buenos. Recomendable el pulpo al vino y el feta al horno,Evdoxou 49,No,,,
Daniel's Oriental Kitchen,Yes,Jaipur,China,Almuerzo/Cena,Barato,No,7,Comida china súper rica. Dumplings muy ricos y los crispy noddles también.,"36 Sanjay Marg , Gopal Bari, Hathroi",No,,,
Das loft,Yes,Viena,Internacional,Almuerzo/Cena,"Alto, Muy alto",No,7,"Muy bonito por las vistas. Hay que reservar con antelación. En angus nada del otro mundo, el venado rico. Tartar normalito",Praterstraße 1,No,,,
Delhi Curry House,Yes,Cracovia,India,Almuerzo/Cena,"Barato, Medio",No,8,"Butter chicken muy rico. Naan también. Rohan Josh mejorable, tenía mucho tomate. Servicio súper simpático. Aros de cebolla ricos. El queso no muy recomendable. La especialidad que tienen de cordero súper rica.",,No,,,
Diagonios,Yes,Thessaloniki (Grecia),Griega,Almuerzo/Cena,Medio,No,8,Σουτζουκάκια espectacular. Gyros bastante bueno,Kallari 13,No,,,
Divine Resort : Hotel in Rishikesh,Yes,Rishikesh,India,Almuerzo/Cena,Barato,No,4,"La peor comida que hemos tenido en india. Risotto horrible, champiñones picantisimos, todo horroroso. Evitarlo a toda costa","Near Church, Laxman Jhula Road",No,,,
Dynia Resto Bar,Yes,Cracovia,Polaca,Almuerzo/Cena,Medio,No,7,Restaurante especializado en calabaza. No está mal para alguien vegano. La sopa de calabaza rica,Krupnicza 20,No,,,
Ed Red,Yes,Cracovia,Americana,Almuerzo/Cena,Alto,No,9,Carne al peso,Bocheńska 7,No,,,
El disparate,Yes,Sevilla,Española,Almuerzo/Cena,"Alto, Medio",Yes,8,Todo muy bueno en general. El revuelto para morirse. El brownie prescindible. Croquetas prescindibles pero la Vieira espectacular,,No,,,
El laberinto,Yes,Isla Cristina,Española,Almuerzo/Cena,Barato,No,8,Justamente lo que promete. Huevos con patatas increíbles. Chorizo muy rico. Para 4 personas pedir la media,"Solar Sector las Colinas, 19",No,,,
El Puntal,Yes,Barichara,Colombiana,Almuerzo/Cena,Barato,No,6,"Limonada de hierbabuena muy rica. Pedimos picada variada y la carne oteada rica pero dura, el resto de carne también. Buena decoración",Cra. 6 #6-13,No,,,
El Trébol,Yes,Toledo,Española,Almuerzo/Cena,Barato,No,7,Buen bar de tapillas. La bomba de patatas a destacar y las bravas ricas. La ensaladilla tiene pimiento. La pulga de ciervo rica pero la salsa de tomate tiene pimiento.,"C. de Sta. Fe, 1",No,,,
Emily bakes,Yes,Cracovia,,"Café, Postre/Tartas",Barato,No,7,No muy especial. Tarta de calabaza ok pero un poco seca. No me gustó el tiramisù,Jagiellońska 8,No,,,
Empanadas Malvón,Yes,Sevilla,Argentina,Almuerzo/Cena,Barato,No,7,Muy buenas empanadas. A destacar la de Rabo de toro y Cochinita. El problema es que es solo para llevar.,,No,,,
Eneko Basque,Yes,Sevilla,Española,Almuerzo/Cena,Alto,No,7,Bien para una vez. Mejillones con mantequilla espectaculares y la yema con setas también. Servicio regulero.,,No,,,
Espacio Eslava,Yes,Sevilla,Española,"Almuerzo/Cena, Postre/Tartas","Alto, Medio",Yes,9,Imprescindible el cigarro para bécker y la yema. Tataki muy bueno y las croquetas. Recomendable el postre de queso manchego,"C. Eslava, 3",No,,,
Estraperlo,Yes,Sevilla,Española,Almuerzo/Cena,Medio,No,7,"No está mal. Probaría mas cosas. Tataki destacable. Risotto muy rico. Solomillo bueno pero no espectacular. Queso poca cantidad. Mejillones normalitos. Tarta de queso rica, la de zanahoria no.","C. Sta. Rosa, 4",No,,,
Etnia Arte & Sabor,Yes,Salento,Colombiana,Almuerzo/Cena,Barato,No,8,Riquísima la sopa de zanahoria. El resto está bien pero tampoco espectacular. Alfajor espectacular y fresco. Pollo a la plancha y champiñones decentes,Cl. 4 #6-45,No,,,
Euskadi Restaurant,Yes,Cracovia,Española,Almuerzo/Cena,Alto,No,8,"Buena comida española. Buen pulpo, croquetas y solomillo. Tortilla con cebolla. La torrija not bad. No pedir el mus de chocolate 
El chipiron rico. No merece la pena las bravas",Kazimierza Brodzińskiego 4/u1,No,,,
Farina,Yes,Cracovia,Italiana,Almuerzo/Cena,Alto,No,8,Rico para pescado. El tartar y las otras buenos. Los mejillones a la farina ricos y la pasta con marisco también,św. Marka 16,No,,,
Fata Morgana,Yes,Katapola (Amorgos),Griega,Almuerzo/Cena,"Alto, Medio",No,8,,,No,,,
Fatouch,Yes,Sevilla,Libanesa,Almuerzo/Cena,Barato,Yes,7,"No está mal. Patatas con toum ricas. Hummus bien. Rollo con pita con verduras, pedirlo de la otra forma. Kadayif para 2 personas. Sabía mucho a mantequilla pero ok","C. Feria, 33",No,,,
Feedel,Yes,Atenas,Griega,Almuerzo/Cena,Alto,No,8,Muy buen sitio para cócteles. Tartar y dumplings recomendables. Postre 11€ y no muy allá. Patatas mejorables pero not bad. Panceta innecesaria,"Ktena 1, Athina 105 63",No,,,
Filthy,Yes,Cracovia,Polaca,Almuerzo/Cena,Barato,No,8,"Increíble para comer pollo frito, mucho mejor que KFC y súper jugoso. Lugar pequeñito",Węgłowa 2,No,,,
Folga,Yes,Cracovia,Internacional,Almuerzo/Cena,"Alto, Medio",No,7,No está mal pero caro para lo que es. Las ostras ricas. El steak no espectacular. Tiramisu no muy alla. Tartar bueno.,Estery 12,No,,,
Fourogatos,Yes,Chania (Creta),Griega,Almuerzo/Cena,Medio,No,7,"No está mal. Probamos la empanada tradicional con queso de oveja, el risotto cretense (mucho sabor a limon tal vez) y la pasta con champiñones, que fue destacable",Makedonias 106,No,,,
Gambas Seafood&Meat,Yes,Gdańsk,Española,Almuerzo/Cena,Medio,No,9,"Recomendable pedir el combo. Increíble calidad precio, marisco fresco y carne de buena calidad",Garncarska 7/8/9,No,,,
Garden Restaurant,No,Cracovia,Universal,Almuerzo/Cena,Muy alto,No,0,,,No,,,
Gniazdo,Yes,Wrocław,Polaco,"Café, Desayunos","Barato, Medio",No,7,Súper buen servicio. Bagel con pollo no muy destacable. Huevos Benedicto con bacon ok,"Świdnicka 36, 50-068 Wrocław",No,,,
Gossip Cafe,Yes,Cracovia,,"Café, Desayunos","Barato, Medio",No,7,Muy ricos desayunos. Destacable la tortilla francesa con queso de cabra y bacon. Café bueno,Świętego Jana 30,No,,,
Grada nuevo,Yes,Thessaloniki,Griega,"Almuerzo/Cena, Postre/Tartas",Alto,No,9,Ajinosalata súper buena con las ostras. Galaktopureko impresionante. Pulpo muy bueno pero arroz no muy destacable,,No,,,
Gruba bula,Yes,Cracovia,Americana,Almuerzo/Cena,Barato,No,9,Consideradas las mejores hamburguesas de Cracovia. Hay que llamar por adelantado para encargarlas porque pedirlas alli es imposible,Dajwór 2A,No,,,
H Aπάντηση,Yes,Nicosia (Chipre),Chipriota,Almuerzo/Cena,Medio,No,9,Súper tradicional. Hay que pedir mezzes. Musica en directo,Archiepiskopou Makariou III 98,No,,,
Handelek,Yes,Cracovia,,Desayunos,"Barato, Medio",No,7,Lugar decente de desayunos. Scrambled eggs con queso y bacon bastante reseñables. Café bueno,Ślusarska 9,No,,,
Haoli,Yes,Riga,China,Almuerzo/Cena,Barato,No,8,Increíble esta cantina china. Tienen un expositor con platos chinos los cuales meten en el microondas. A pesar de que la calidad no sea espectacular el precio por dos platos y dos Coca-Colas ha sido 4€. Inmejorable,Avotu iela 28,No,,,
Hard Rock Cafe,Yes,Cracovia,Americana,"Almuerzo/Cena, Postre/Tartas",Medio,No,7,"Muy buenos nachos, recomendables con beef. Las hamburguesas bastante decentes y muy recomendable el brownie","Main Market / Mariacki Square 9, 31-042 Kraków, Poland",No,,,
HAUST,Yes,Cracovia,Polaca,Almuerzo/Cena,"Alto, Medio",No,7,"Los entrantes super ricos. Especialmente las pieles de patatas, el tartar y las kopytka. El pork knuckle y oxtail no muy alla y con la misma salsa. Tarta de zanahoria un poco seca.",Berka Joselewicza 18,No,,,
Helena adentro,Yes,Finlandia (Colombia),Colombiana,Almuerzo/Cena,"Barato, Medio",No,8,Muy rico todo. Se recomienda reservar. Las patatas con queso ricas y el choripan divino. La trucha un poco seca pero riquísimo el arroz de coco. Hay que reservar y la próxima vez probar el sándwich de conejo,,No,,,
Hemelse Modder,Yes,Amsterdam,Holandesa,Almuerzo/Cena,"Alto, Muy alto",No,7,Pagas un numero de platos y eliges del menú. Paté no de mi gusto. Caldo súper rico. Solomillo de venado también. Rico en general pero muy caro para lo que es.,Oude Waal 11,No,,,
IDA kuchnia i wino,Yes,Wroclaw,Polaca,Almuerzo/Cena,Medio,No,7,"No está mal. Lo exploraría un poco más. El tartar rico, la crema de setas rica. No volvería a pedir el pato o el pollo. El coulant aceptable.",Łazienna 4,No,,,
iki sandal geleneksel meyhane,Yes,Bodrum,Turca,Almuerzo/Cena,Alto,No,6,Decepción total. Topik rico. Chuletas de cordero bien pero carísimas y tardaron 40’ con el restaurante vacío. Pulpo al grill requemado,"Kumbahçe, Cumhuriyet Cd. No:183",No,,,
Il Basilico,Yes,Mairena del Aljarafe,Italiana,"Almuerzo/Cena, Postre/Tartas",Medio,No,7,Caro para lo que era. Burrata buena. Focaccia decente. Pasta carbonara normal y raviolis con tomate también. El risotto con setas parecía más bueno. Coulant súper rico,"Av. de las Civilizaciones, 55, 41927 Mairena del Aljarafe",No,,,
Il Cambusone,Yes,Palermo (Sicilia),Italiana,Almuerzo/Cena,"Barato, Medio",No,6.5,Barato pero nada espectacular.,Pasta con sardinas bien y con pesto. Pulpo un poquillo duro. No volvería,No,,,
Il Vicolo,Yes,Amsterdam,Italiana,Almuerzo/Cena,"Alto, Medio",No,7,Bolognesa decente y papardelle con trufa también pero no espectaculares. Les faltaba un poco de sal. Tiramisu con pistacho rico. Se recomienda reservar.,"Taksteeg 3, 1012",No,,,
Indian accent,Yes,Delhi,India,Almuerzo/Cena,Alto,No,8,"Restaurante excepcional. Los entrantes de albondigas mugh con salsa de trufa riquísimos y costillas super buenas. El lamb súper tierno. El chicken keema muy rico pero picante.

NO PEDIR VINO. Se va de precio. 

Recomendable reservar","The Lodhi, Lodhi Rd, CGO Complex, Pragati Vihar",No,,,
Islamorada,Yes,Sevilla,Española,Almuerzo/Cena,Medio,No,7,Nada especially. La tortilla buena y el atun tambien pero poco mas,C. Francisco López Bordas,No,,,
Jardinn,Yes,Göreme,Turca,Almuerzo/Cena,"Alto, Medio",No,6,No volvería. Comida insipida y muy carisimo para lo que fue,"Yeni, Tekelli Mahallesi, Göreme Cd. No:7",No,,,
Jarema restaurant,Yes,Cracovia,Polaca,Almuerzo/Cena,"Alto, Medio",No,7,"Buen sitio, destacables los zepelines de carne y el pato. El solomillo no merecía mucho la pena. La tarta de queso de postre rica",plac Jana Matejki 5,No,,,
Jinling Dumpling - Chinese Food,Yes,Cracovia,China,Almuerzo/Cena,Medio,No,7,Comida china. La salsa picante espectacular. He pedido el pollo TSO y no está mal pero nada del otro mundo. La decoración está chula y los tés están ricos. La atención muy buena,Józefa Dietla 39,No,,,
Jolie,Yes,Wroclaw,Internacional,"Café, Desayunos","Barato, Medio",No,8,Super buen sitio para desayunos. Destacable los huevos benedicto. El fondant de chocolate no merece mucho la pena,Kurzy Targ 2,No,,,
Kaasbar Amsterdam,Yes,Amsterdam (Países Bajos),Internacional,Almuerzo/Cena,"Alto, Medio",No,6,Decepcionante. Los quesos nada del otro mundo y caros la verdad. No volvería,Ferdinand Bolstraat 10,No,,,
Kaledonia Rotis taverna,Yes,Platres (Chipre),Chipriota,Almuerzo/Cena,Medio,No,8,Mousaka espectacular y el giuvetsi super rico.,"Ολύμπου, Πάνω Πλάτρες",No,,,
Kamienna Bistro,Yes,Cracovia,Polaca,Almuerzo/Cena,"Alto, Medio",No,8,Sorpresa de sitio. Decoración súper bonita. Gambas muy ricas. Tartar rico pero con mucho pepino. La pasta con pesto decente también y la carrillada muy rica. Tarta de queso roca. ANo pedir el kohen morten ese de frutas.,,No,,,
Karakter,Yes,Cracovia,Universal,Almuerzo/Cena,Alto,No,9,Tartar espectacular. Recomendable el de oyshter. Mejillones con bechamel también. Buenísima la tarta de queso. Yema de huevo de postre no recomendable,Brzozowa 17,No,,,
Karmello,Yes,Cracovia,-,"Café, Desayunos",Barato,No,9,Mejor chocolate de Cracovia,plac Wszystkich Świętych 11,No,,,
Kavos,Yes,Kamena Vourla,Griega,Almuerzo/Cena,"Barato, Medio",No,7,Sardinas espectaculares. Pulpo no muy allá. Calamar muy fresco,Agiou Panteleimonos 22,No,,,
Kavova,Yes,Cracovia,Internacional,"Café, Desayunos","Barato, Medio",No,8,"Desayuno muy rico. Pan de Ferment super bueno. Destacables los huevos pochados com bacon.

Cafe decente",Zygmunta Glogera 53,No,,,
Kazim Coffee,Yes,Cracovia,,"Café, Postre/Tartas","Barato, Medio",No,8,Café muy rico y tarta de queso de chocolate está bien. Tenían eclairs y galletas pero tampoco espectaculares,Starowiślna 77,No,,,
Keladi,Yes,Cracovia,Indonesa,Almuerzo/Cena,Barato,No,8,Increible. El Nasi goreng super rico y limonada rica.,Józefa 5,No,,,
Khachapuri Restaurant,Yes,Cracovia,Georgiano,Almuerzo/Cena,"Barato, Medio",No,6,No recomendable. Comida muy regulera y precios muy altos. Pedimos kebab y pollo y no tenía sabor,Sienna 4,No,,,
Khashoka Dabouq,Yes,Amman (Jordania),Jordana,Almuerzo/Cena,Medio,No,8,Increíble el hummus. Falafel ok. El revuelto y pizza ( no recuerdo el nombre ) ok,Al-Ikram St,No,,,
KION peruvian chinese | Cusco,Yes,Cuzco (Perú),Peruana y china,Almuerzo/Cena,Medio,No,6,"No me convenció nada. Sopa con wonton correctas, chaufa de pollo sin sabor y wontones empanados. No repetiría",Triunfo 370,No,,,
Klimaty Południa | Restaurant & Wine bar,Yes,Cracovia,Polaca,Almuerzo/Cena,Medio,No,6,"Difícil de categorizar este restaurante. Tiene comidas de varias nacionalidades pero nada destacables. Pasta con funghi regular, le faltaba sabor. Solomillo a la naranja un poco seco. El servicio muy bueno y amplia variedad de vinos.",Świętej Gertrudy 5,No,,,
Klōthṓ,Yes,Thessaloniki,Griega,Almuerzo/Cena,"Barato, Medio",Yes,7,"Muy buenos calabacines fritos y queso, loukaniko decente. Carne de vaca ok pero le falta sal","I. Gripari 14, Thessaloniki 542 48, Greece",No,,,
Korali,Yes,Skopelos,Griega,Almuerzo/Cena,"Alto, Medio",No,9,Ajinosalata (erizo de mar) increíble. Gambas con ouzo y pasta con crawfish imprescindibles. Carpaccio y ceviche no tan buenos.,"Epar.Od. Agnontas, Skopelos 370 03, Greece",No,,,
Krokodilos,Yes,Livadia,Griega,Almuerzo/Cena,Medio,No,7,Skordalia súper rico. Pulpo muy blandito. Boquerones marinados no muy allá. Gambas saganaki ricas y calamares también,Επαρ.Οδ. Λειβάδιων-Βαθύς,No,,,
Krowa Mać Burger's,Yes,Cracovia,Internacional,Almuerzo/Cena,Medio,No,6,Flojito. Carne demasiado hecha. Volvería únicamente si fuese necesario,Zabłocie 19A,No,,,
Kungu rija,Yes,Krimuldas (Letonia),Letona,Almuerzo/Cena,Alto,No,9,,Kungu rija,No,,,
L’oca di Giuliva,Yes,Sevilla,Italiana,Almuerzo/Cena,Medio,No,7,"Comida buena pero no espectacular. Los raviolis de carne flojitos, pasta carbonara bien. No pedir cannoli.","Calle Mateos Gago, 9",No,,,
La Barbería,Yes,Baeza (Jaén),Española,Almuerzo/Cena,"Alto, Medio",No,8,Muy rico. Carnes a la brasa buenas y baratas. Las croquetas riquísimas. Las koftes buenas aunque con pasas.,"C. Conde Romanones, 11",No,,,
La Bistrológica,Yes,Badajoz,Española,"Almuerzo/Cena, Postre/Tartas",Alto,No,9,"Genial. La lasaña para morirse, el carpaccio igual. Ternera en su punto. Cochinito para llorar. Croquetas muy ricas también","C. Jacinta García Hernández, 4",No,,,
La Bistroteca,Yes,Madrid,Americana,Almuerzo/Cena,Alto,No,8,El guacamole espectacular. La hamburguesa muy rica pero en mi opinión le faltaba un poco de jugo. Se recomienda reservar,Calle Espartinas 7,No,,,
La cacharrería,Yes,Caceres,Española,Almuerzo/Cena,Medio,Yes,6,Servicio lentísimo. Los huevos trufados y el solomillo con salsa de anchoa bien pero rpecio demasiado alto,C. Orellana,No,,,
La Caponata,Yes,Tomares,Española,Almuerzo/Cena,Medio,Yes,7,No está mal para una emergencia. Ensaladilla de pulpo y croquetas muy ricas. Arroz negro horrible. Timbal de cola de toro sin sabor ninguno. Flamenquin decente,"Av. de la Arboleda, 32",No,,,
La chalá,Yes,Sevilla,Española,Almuerzo/Cena,Medio,Yes,7,Tartar de presa bueno pero demasiado pepino. Croqueta de solomillo al whisky súper rica. Tacos y arepa súper ricas. Amplia variedad de vinos,,No,,,
La cochera del abuelo,Yes,Sevilla,Española,Almuerzo/Cena,Alto,No,7,"Arroz bueno, solomillo decente a falta de sal. La tarta de queso buena. 

Muy caro para lo que es","C. Álvaro de Bazán, 2",No,,,
La Cuadra de Salvador - Steakhouse,Yes,Lima (Perú),Internacional,Almuerzo/Cena,Alto,No,8,Muy rico las carnes. Pedimos chorizos y bife ancho y genial. Para repetir. Las papas criollas muy ricas.,Jirón Centenario 105,No,,,
La habanita,Yes,Sevilla,Cubana,"Almuerzo/Cena, Postre/Tartas",Barato,No,7,Not bad. Muy bien localizado y con opciones veganas. Yuca cocida con ajo muy rica. Patatas con mojo también. Croquetas decentes y solomillo con setas y jamón rico. Tarta de chocolate blanco bastante bien.,,Yes,,,
La Herreria,Yes,Sevilla,Española,Almuerzo/Cena,Alto,No,7,Zamburiñas riquisimas. Cochinito bueno pero no espectacular. Risotto decente. Croquetas no muy allá. Muy caro para lo que es,"Avenida de Finlandia, 16",No,,,
La Lisca Cucina e Bottega,Yes,Siracusa (Sicilia),Italiana,Almuerzo/Cena,Alto,No,8,De lo mejor de Sicilia hasta la fecha. Vinos super ricos y buen de precio. Calamares fritos ricos y carbonara marina y pasta al nero con pimienta buenisima. Crema se pistacho genial.,"Viale Montedoro, 95",No,,,
La locanda di Andrea,Yes,Sevilla,Italiana,Almuerzo/Cena,Barato,Yes,8,"Costrini muy rico, croquetas mejorables. Carbonara increíble y pasta en general también","Feria, 52,",No,,,
La Lola,Yes,Sevilla,Española,Almuerzo/Cena,Alto,No,7,"Caro para la calidad. Destacable las gyozas, la tarta de queso y la presa.","Calle Conde de Torrejón, 9",No,,,
La mamona,Yes,Mairena del Aljarafe,Española,Almuerzo/Cena,Medio,Yes,7,"Not bad. Tataki de atún destacable, presa y los tacos. Nachos postres y croquetas reguleras","Av. de la Filosofía, 30, 41927 Mairena del Aljarafe",No,,,
La Marsa,Yes,Cracovia,Tunisiano,Almuerzo/Cena,Barato,No,8,Very good kebab. Tunisian,Ul. Kalwaryjska 75,No,,,
La Mia Tana,Yes,Sevilla,Italiana,Almuerzo/Cena,Barato,No,6,Pasta en general insipida. Nachos buenos. Próxima vez se prueba con la pizza,,No,,,
La picúa,Yes,Cartagena,Colombiana,Almuerzo/Cena,Medio,No,7,Lugar muy bien decorado. Timbal no muy allá. Croquetas y arroz muy ricos,Calle Estanco del Aguardiente,No,,,
La plancha taberna,Yes,Málaga,Española,Almuerzo/Cena,Medio,Yes,8,"Rica la comida. Pinchito moruno muy rico. Churrasco a la plancha también. Destacable el montadito de chorizo y kefta. Croquetas, bravas y postres no muy allá","C. Héroe de Sostoa, 12-14",No,,,
La Primera,Yes,Madrid,Española,"Almuerzo/Cena, Copas, Postre/Tartas","Alto, Medio",No,9,Tortilla espectacular. Tarta de queso para morirse. Tartar de vacuno súper rico. Croquetas reguleras.,"C/ Gran Vía, 1",No,,,
La pulchra,Yes,Sevilla,Española,Almuerzo/Cena,Barato,Yes,8,"Las mejores bravas de Sevilla. El secreto también muy rico, el resto de tapas normalitas",,No,,,
La regatta,Yes,San Andrés,Colombiana,Almuerzo/Cena,"Alto, Medio",No,8,Sitio muy bueno con vistas al mar. Hay que reservar. El variado de pescado y la cazuela con camarones y bechamel súper ricos. Carpaccio de pulpo con demasiado sabor a pimiento,,No,,,
La Taberna Burger Art - Telde,Yes,Telde (Gran Canaria),Internacional,Almuerzo/Cena,Medio,No,8,Decente. Hamburguesas muy ricas. No probamos postres. Patatas con salchichas y queso ok aunque probaría otra cosa,"C. Magallanes, 10, 35215 Telde",No,,,
La taberna errante,Yes,Madrid,Española,Almuerzo/Cena,"Barato, Medio",No,7,"La ensaladilla riquísima y el caldo también. Las albondigas buenas. Croquetas no tanto, es bueno reservar.","Carrera de San Francisco, 8",No,,,
Lalita Café,Yes,Sevilla,-,Café,Barato,No,9,Muy buen café y tartas,"Calle José Luis de Casso, 38",No,,,
Laona Restaurant,Yes,Pafos,Chipriota,Almuerzo/Cena,Medio,No,6,No merece la pena. Comida recalentada y con poco sabor. Pedimos cordero y albóndigas y nada especial,"Votsi, Paphos, Cyprus",No,,,
Las Adelitas,Yes,Praga,Mexicana,"Almuerzo/Cena, Copas",Medio,No,6,"[Review] Noooooooo.Comida buenísima. Destacable el pollo de los tacos, nachos con tiras de pollo y enchilada verde. Muy buenos Margaritas",Malé nám. 457/13,No,,,
Lempesis restaurant,Yes,Apollonia,Griega,Almuerzo/Cena,"Barato, Medio",No,8,"Comida simplemente espectacular. Εξοχιψο y moussaka espectacular los garbanzos super ricos. Sin embargo el servicio un desastre, dos horas esperando","Αρτεμώνας 840 03,",No,,,
Lima Street Food,Yes,Sevilla,Peruana,Almuerzo/Cena,Medio,No,8,Costillas muy buenas. Ceviche también. Croquetas de ají de gallina muy buenas. Tamales no muy allá. Patatas canallas decentes y un poquito picante. Chicharrones no de mi agrado. Sushi ok.,"Sinai, 29",No,,,
Lisboa Tu e Eu 2,Yes,Lisboa,Portuguesa,Almuerzo/Cena,Medio,No,8,,Escadinhas das Portas do Mar 4,No,,,
Macondo bar,Yes,Varsovia,Colombiana,Almuerzo/Cena,"Barato, Medio",No,8,"Muy rico todo. Recomendable bandeja paisa, empanadas de carne y arepas de carne",Leona Kruczkowskiego 15B,No,,,
Madre selva,Yes,Sevilla,Española,Almuerzo/Cena,Medio,No,7,No está mal. Las croquetas con trufa ricas. Risotto iberico no muy allá. Torrija de postre rica. Linguini rico,"C. Conde de Barajas, 23",No,,,
Mama Juana Ambiente Gastronómico Andaluz,Yes,Baeza,Española,Almuerzo/Cena,"Alto, Medio",No,8,Impresionante. Tortilla carbonara increíble. Croquetas muy ricas y arroz negro también. Evitaría la ensaladilla porque tiene pimiento.,"P.º Portales Tundidores, 12",No,,,
Mamagoto,Yes,Delhi,China,Almuerzo/Cena,Medio,No,8,"Super rico. El bao con trufa y champiñones excepcional. Los noodles super picantes, hay que pedirlos sin pique. Las gyozas exquisitas","Shop No, 53, Khan Market",No,,,
Mamarracha tapas,Yes,Sevilla,Española,Almuerzo/Cena,Medio,Yes,6,Bastante caro para lo que es. El salmón está bien y el tartar también. Patatas buenas pero nada del otro mundo,"Calle Hernando Colón, 1",No,,,
Mamma Mia,Yes,Cracovia,Italiana,Almuerzo/Cena,Medio,No,8,Very good food in general. Evitar Crème brûlée. Panacota no muy allá. Carbonara ok. Risotto con tomate no muy allá. Penne con champiñones decente.,Karmelicka 14,No,,,
Manekin,Yes,Varsovia,,"Café, Desayunos",Medio,No,7,,,No,,,
Manzo,Yes,Riga,Italiana,Almuerzo/Cena,"Alto, Medio",No,8,,Mūkusalas iela 29,No,,,
Mar de leva,Yes,Islantilla,Española,Almuerzo/Cena,Medio,No,8,Muy rica la conida. Destacaria parrillada de atun (papardella) y las bravas muy ricas. Ensaladilla del puchero buena. Tarta de queso con lotus rica. Donut con carrillada muy buena.,"C. Marina, 14",No,,,
Marea viva,Yes,Sevilla,Española,"Almuerzo/Cena, Postre/Tartas",Medio,Yes,8,Croquetas súper buenas (variado).Todta de tartar de atún rojo también. El canelón bastante normalito,,No,,,
María Castaña,Yes,Sevilla,Española,Almuerzo/Cena,Medio,Yes,5,"Carísimo para la calidad. Croquetas congeladas, poca cantidad. Tataki pésimo y risotto muy normalito. NO recomendable",C. San Pablo 29,No,,,
Maricucha,Yes,Sevilla,Española,Almuerzo/Cena,Medio,Yes,7,"Carpaccio de pulpo muy rico, costillas también y croquetas de jamón. Tortita de camarones y raviolis no muy buenos","Calle Salado, 6",No,,,
Masè Ristorante di Pesce Aci Castello,Yes,Aci Castello (Sicilia),Italiana,Almuerzo/Cena,Medio,No,7,Pasta al nero rica. Risotto de pescado rico y abundante pero no espectacular. Buen precio. Nos faltó probar los involtine. Buena opción si se está por la zona,"Via Savoia, 35",No,,,
Massolit Bakery & Cafe,Yes,Cracovia,,"Café, Postre/Tartas",Barato,No,7,"Según leo, pasteles abuso, a destacar la tarta de queso",Felicjanek 4,No,,,
Massolit Books & Café,Yes,Cracovia,-,Café,Barato,No,7,,,No,,,
Mastunicola,Yes,Palermo (Sicilia),Italiana,Almuerzo/Cena,Medio,No,7,"Pizzas ricas. No dejar que echen trufa, son 7€ mas.","Via Venezia, 71",No,,,
Meatologia,Yes,Varsovia,Internacional,Almuerzo/Cena,Medio,No,7,No está mal. Hamburguesa ok y tartar también. Pure de patata de trufa bueno. Intentaría pedir steaks la próxima vez,Krucza 41,No,,,
Meraaki kitchen,Yes,Jaipur,Internacional,Almuerzo/Cena,"Alto, Medio",No,7,No está mal pero tampoco nada del otro mundo. El queso con salsa de mantequilla espectacular. El resto de cosas okaish pero nada destacable,Near Civil Lines Metro Station Piller No. 88,No,,,
Mesón 42,Yes,Santiago de Compostela,Española,Almuerzo/Cena,Medio,No,6,La parrillada muy seca y con falta de contenido. El pulpo un poco duro e insípida,"Rúa do Franco, 42",No,,,
Mesón A Brea,Yes,A brea (Galicia),Española,Almuerzo/Cena,"Barato, Medio",No,8,Menú del dia 13€ . Garbanzos súper ricos. Croquetas muy ricas. Solomillo en su punto perfecto,"Lugar A brea, s/n",No,,,
Mesón La Montanera,Yes,La antilla,Española,Almuerzo/Cena,Medio,No,7,Platos muy buenos. Croquetas de boletos a falta de sal. Tartar bueno. Carne buena. Gyozas no merece la pena. Demasiado caro para lo que es,Av. de Islantilla,No,,,
Meza Diego,Yes,Sevilla,Española,Almuerzo/Cena,"Barato, Medio",No,7,No está mal. Las croquetas de carrillada ricas. El arroz meloso con costilla rico. Las bravas not bad. No pedir el brioche. El coulant con helado de vainilla asi que no,Avenida de Finlandia,No,,,
Mezzalians,Yes,Cracovia,Persa,Almuerzo/Cena,Medio,No,7,Al kebab muttan le faltaba sal. Hummus con shaorma espectacular. Bolas de queso ok. Patatas ok. La ensalada por lo visto abuso. La bebida Jasmine esa un poco insípida.,Kalwaryjska 66,No,,,
Mezze Grill Restaurant & Ocakbasi,Yes,Alanya,Turca,Almuerzo/Cena,"Barato, Medio",No,6,La meat del kebab rica. Pedimos tambien el kebab beyti y fue lo mejor pero en general average. No volveria,"Saray, Atatürk Blv. No:84",No,,,
Milkbar Tomasza,Yes,Cracovia,Polaca,"Almuerzo/Cena, Desayunos",Barato,No,8,Muy buen sitio para desayunos baratos y abudantes. Desayuno inglés y revuelto con huevos bastante aceptable,Świętego Tomasza 24,No,,,
Milonguitas,Yes,Sevilla,Argentina,Almuerzo/Cena,Medio,No,8,"Buenas hamburguesas y buena carne en general. Destacable punta de picaña, empanadas y Secreto",,No,,,
Minas tavern,Yes,Pafos,Chipriota,Almuerzo/Cena,"Barato, Medio",No,8,"Simplemente espectacular. Recomendable pedir la mezze. Pagas 20€ y te traen platos non stop. El pollo y las sheftalies increíbles, el mejor grill que probamos en Chipre","Pafias Afroditis, Paphos, Cyprus",No,,,
MIRO'S Urban Food,Yes,Cracovia,Internacional,Almuerzo/Cena,"Barato, Medio",No,8,Food truck con platos de alta calidad. A destacar el ravioli y las alitas. El solomillo estaba muy seco la verdad. Paciencia porque tardan bastante en servir,al. Pokoju 5A,No,,,
Mironi,Yes,Atenas,Griega,Almuerzo/Cena,Medio,No,7,"Música en vivo. El sitio esta bien para probar los platos tradicionales tipo dolmades, keftedakia, queso frito y cordero. Nada destacable",Μεγ. Αλεξάνδρου 7,No,,,
Moaburger,Yes,Cracovia,Americana,Almuerzo/Cena,Barato,No,8,De las mejores hamburguesas de Cracovia,Mikołajska 3,No,,,
Molám Thai Canteen & Bar,Yes,Cracovia,Tailandesa,Almuerzo/Cena,"Alto, Medio",No,8,Los shiitake en tempura increibles. La sopa con tallerines super rica. El wok con pollo abuso. El pollo al curry no muy alla.,Rajska 3/4,No,,,
Momento pizzería,Yes,Cracovia,Italiana,Almuerzo/Cena,Medio,No,6,Solo pedí lasaña aunque no muy destacable.,Lipowa 7,No,,,
Montmartre,Yes,Cartagena,Francesa,Almuerzo/Cena,Medio,No,6,Croquetas muy ricas y sopa de cebolla. Cordón bleu nada del otro mundo pero rico. Crème brûlée un poco insípida. Salmon wellington nada del otro mundo.,Calle del Santisimo,No,,,
Mood bistro,Yes,Cospicua,Libanesa,Almuerzo/Cena,Medio,No,8,Comida muy rica libanesa. Recomendado el humus con carne por encima y la parrillada. El pollo y el cordero estaba muy rico,14 A Santa Teresa Street,No,,,
Morning glory,Yes,San Diego (EEUU),Americana,Desayunos,Medio,No,8,Super rico para desayunos. El de pasta carbonara con huevos muy bueno y las tortitas geniales. Igual probaría las tortitas japonesas. No se puede reservar,550 W Date St Suite,No,,,
Morskie Oko,Yes,Cracovia,Polaca,Almuerzo/Cena,"Barato, Medio",No,7,"Sitio típico para llevar a tus huéspedes guiris. Ponen música en directo polaca y típica decoración tradicional. Sopas servidas en pan. Muy buena la de champiñones, el oscypek también, pierogis not bad y la bandeja de carne es para 3. Potato pancakes no muy allá",,No,,,
Mr Broda,Yes,Cracovia,,Almuerzo/Cena,Barato,No,9,Sandwiches de Pastrami. Excelentes,Krakowska 31,No,,,
Mrizi i Zanave Tirane,Yes,Tirana,Albanesa,Almuerzo/Cena,Medio,No,9,"Espectacular. Servicio, comida, todo.

Imprescindible pedir el Mrizi que contiene todo. Las albóndigas de venado bien. El cordero increíble y tave dheu (fergesse) también",Bulevardi Zhan D'Ark,No,,,
Mucca Steak & Wine,Yes,Cracovia,Internacional,Almuerzo/Cena,"Alto, Medio",No,6,Decepcionada. Tartar ok pero cobrarte 5 euros por agua es demasiado. La carne estaba ok y muy cara. Acompañantes mejorables,Świętego Jana 3,No,,,
Nachè,Yes,Noto (Sicilia),Italiana,Almuerzo/Cena,Alto,No,8,,,No,,,
NAPNAPCAFE,Yes,Cracovia,,Desayunos,,No,8,Muy rico todo. Servicio lentisimo. Pedi la toast con huevo tomate y pesto y super rica.,Zwierzyniecka 5,No,,,
Nazik Ana Restaurant,Yes,Bodrum,Turca,Almuerzo/Cena,Barato,No,8,"Buenísimo, comida super casera. Genial","Çarşı, Eski Hükümet Sk. No:62",No,,,
Nibs Cafe & Chocolataria,Yes,Jaipur,Internacional,"Café, Postre/Tartas",Barato,No,8,Muy rico el milkshake de oreo. Capuchino muy bueno. Tarta de queso decente,"36, Sanjay Marg, Hathroi",No,,,
Nickel,Yes,Sevilla,Americana,Almuerzo/Cena,Medio,No,8,Hamburguesas decentes. Recomendables con patatas con sal o pimienta. Carne de buena calidad,,No,,,
Noah,Yes,Cracovia,Israelita,Almuerzo/Cena,"Alto, Medio",No,7,"Comida super rica. Crema de feta recomendadisima y los kebabs. El beef no me enamoro, tenía mucho anís. Tartar decente. Pitas abuso.",Beera Meiselsa 24,No,,,
NOLA the italian,Yes,Viena,Italiana,,,No,0,,Josefstädter Str. 16,No,,,
Nota_Resto,No,Cracovia,,,,No,0,,,No,,,
O Ceadoiro,Yes,Santa Irene,Española,Almuerzo/Cena,Medio,No,8,Comida muy rica. Tortillas y chipirones imprescindibles. Quedó por probar el caldo gallego y torrijas de postre,"San Miguel de Cerceda, 18",No,,,
O Recuncho do Convento,Yes,Melide,Española,Almuerzo/Cena,Medio,No,6,"Evitar. Risotto horrible, carpaccio average y mejillones malos. Servicio lentísimo","Rua do Convento, 7",No,,,
Odil,Yes,Gante,Internacional,Desayunos,"Alto, Medio",No,7,"Sitio de brunch. Café rico y sándwich de bacon y huevos revueltos ok, nada especial",Kortrijksepoortstraat 218,No,,,
Orzo,Yes,Cracovia,Americana,Almuerzo/Cena,Medio,No,6,Comida regular. Sitio muy chulo pero sobrevalorado y precios un poco desorbitados en relación a la calidad,,No,,,
Osaka,Yes,Lima (Perú),Nikkei (Peruana),Almuerzo/Cena,Alto,No,8,Incredible. Nigiris y marisco impresionante junto a las gyozas. Mejor centrarse en eso porque la carne de lexhón no fue espectacular. Ceviche riquísimo. No me convenció la tarta de queso de postre.,Av. Felipe Pardo y Aliaga 660,No,,,
Osteria Garibaldi,Yes,Nicolosi (Sicilia),Italiana,Almuerzo/Cena,Medio,No,7,Bien si se está por la zona. Lasaña de champiñones rica y carne irlandesa especialmente buena,"Via Giuseppe Garibaldi, 30",No,,,
Osteria Liparota,Yes,Lipari (Sicilia),Italiana,Almuerzo/Cena,"Alto, Medio",No,7,Caro para lo que es. Las bolsitas con calabaza ricas. Los involtini de carne normales y el pulpo ok pero no se notaba el pistacho. Evitar postre,"Corso Vittorio Emanuele II, 34",No,,,
Osteria Mercede,Yes,Palermo (Sicilia),Italiana,Almuerzo/Cena,Medio,No,7,Entrantes sicilianos muy ricos. La pasta carbonara no muy allá. Me gustaría ir de nuevo a probar otra cosa.,"Via Sammartino, n 1",No,,,
Ovejas Negras Tapas,Yes,Sevilla,Española,Almuerzo/Cena,Medio,Yes,6,Carrillada buena. Patatas bravas nada del otro mundo. Presa buena pero fuera de carta.,Calle Hernando Colón 8,No,,,
Padre,Yes,Cracovia,Internacional,Almuerzo/Cena,Medio,No,7,Nada destacable. Filete de pollo seco. Tartar y sopa de cebolla ok. Costilla ok. No pedir browney,"Wiślna 11, 31-007 Kraków",No,,,
Palo cortao,Yes,Sevilla,Española,"Almuerzo/Cena, Postre/Tartas","Alto, Medio",Yes,8,Ensaladilla riquísima. Buñuelos de bacalao también. Ñoquis de boniatos no muy allá pero arroz de pato súper rico. Para volver,"C. Mercedes de Velilla, 4",No,,,
Pampín,Yes,Santiago de Compostela,Española,Almuerzo/Cena,Alto,No,8,"Muy rico todo. Calamares demasiados caros. Arroz con gallo súper rico. Vieiras super ricas. Tartar tiene mostaza, no lo pediría mas. Tarta De Santiago espectacular",Ruela das Fontiñas 4,No,,,
Papas Restaurant (Ofto Kleftikon),Yes,Frenaros,Chipriota,Almuerzo/Cena,Barato,No,9,El kleftiko simplemente espectacular con sus patatas. Imprescindible y cocinado en horno de leña unas 12 horas,"Frenaros, Cyprus",No,,,
Parallao,Yes,Sevilla,Española,Almuerzo/Cena,Medio,Yes,9,Tapas de precio medio-alto pero de muy buena calidad. Solomillo y el atún recomendadisimos,"Calle Divino Redentor, 5",No,,,
Parkbench,Yes,Atenas,Griega,Almuerzo/Cena,"Alto, Medio",No,8,Muy rico en general. A destacar el steak y el tartar. El risotto no muy alla. Las croquetas de bacalao aceptables,Pramanton 10,No,,,
Pasjo Cafe,No,Cracovia,,Café,,No,0,,,No,,,
Pasta divina,Yes,Bruselas,Italiana,"Almuerzo/Cena, Postre/Tartas","Alto, Medio",No,8,Pasta riquísima y casera. El tonarelli al nero espectacular (tinta de calamar). También estaban incluso más ricos los Tagliatelle al montepulciano con salsiccia senese e funghi. De postre el tiramisu muy rico aunque me gusto más la tarta de chocolate.,Rue de la Montagne 16,No,,,
Pátio dos Petiscos,Yes,Montemor-o-Novo,Portuguesa,Almuerzo/Cena,"Alto, Medio",No,8,Buenisimo. Tataki y carrilleras destacable. Bacalao dorado espectacular. Hay que volver para probar el cordero,R. Curvo Semedo 39,No,,,
Paulas restaurant,Yes,Ayia napa,Chipriota,Almuerzo/Cena,"Barato, Medio",No,6,Comida normal. La mousaka estaba buena aunque el menú demasiado variado.,"Katalymaton Ayia Napa, 5343, Cyprus",Yes,,,
Pavarotti,Yes,La Antilla (Huelva),Italiana,Almuerzo/Cena,Barato,No,8,Destacable Tortellini a la veneciana y Porcini. Pan de ajo,,No,,,
Persia,Yes,Bruselas,Persa,Almuerzo/Cena,"Alto, Medio",No,8,Comida muy rica. Tío gilipollas. Recomendable la parrillada para dos. Lo menos destacable era el pollo.,,No,,,
Peshawri,Yes,Jaipur,India,Almuerzo/Cena,"Alto, Medio",No,8,"El murgh malai kebab impresionante. El naan el mejor que he probado hasta la fecha. El butter chicken no merecía la pena, un poco picante.","ITC Rajputana, Jaipur Palace",No,,,
Peskesi,Yes,Iraklion (Creta),Griega,Almuerzo/Cena,"Alto, Medio",No,9,La mejor comida de nuestro viaje sin duda. Merece la pena reservar. La fava y el saganaki lo mas flojito pero el giuvetsi y el cordero con su jugo incomparable.,Kapetan Charalampi 6-8,No,,,
Petite France,Yes,Cracovia,Francesa,Almuerzo/Cena,Medio,No,8,,,No,,,
Petra,Yes,Sevilla,Española,Almuerzo/Cena,Medio,Yes,6,Muy del montón. Tortilla recalentada. Pasta muy regulera. Tartar con demasiada zanahoria. No te enseñan la botella de vino para servírtelo. Croquetas normales. Ensaladilla decente.,,No,,,
Pidalio Tavern Πηδάλιο - Restaurant,Yes,Nafplio (Grecia),Griega,Almuerzo/Cena,Medio,No,8,Muy rico para pescado. Aunque recomendable lo que llaman giotsas que es cordero super bueno. El kritharoto no muy alla.,25is Martiou 5,No,,,
Pierogi MR Vincent,Yes,Cracovia,Polaca,Almuerzo/Cena,Barato,No,8,Dumplings típicos y los mejores de Cracovia,ul. Bozego Ciala 12,No,,,
Pierwsze Piętro - Bistro & Restaurant,Yes,Cracovia,Internacional,"Café, Desayunos",Medio,No,7,Normal. Croque madame no destacable.,Szewska 9,No,,,
Pimiento,Yes,Cracovia,Argentina,Almuerzo/Cena,Alto,No,8,"Carne de buena calidad. Creo que el precio es demasiado alto para lo que se ofrece, pero muy buena comida en general. No pediría de nuevo los chorizos pero las empanadas estaban ricas",,No,,,
Pinsé sicilian street food,Yes,Caltagirone (Sicilia),Italiana,Almuerzo/Cena,Barato,No,8,Pinses super ricas. A destacar la de panceta y 4 quesos.,"Via Duomo, 2",No,,,
Pistachio box,Yes,Cracovia,Turca,"Café, Postre/Tartas",Barato,No,9,"Increíble todo. La tarta de queso y el café turco súper rico. El katmer espectacular también. Delivery lunes, miércoles y viernes. Kadayif",Łobzowska 6,No,,,
Portes,Yes,Spetses,Griega,Almuerzo/Cena,Alto,No,8,Muy rico todo. Tenían un menú especial pascua y el pastitsio estaba espectacular. Patatas fritas ok. La empanada de cebolla rica. Las gambas saganaki ricas. Pedimos de postre un mille foille y estaba muy bien,Παλιό Λιμάνι,No,,,
Porto Antico,Yes,Peyia,Italiana,Almuerzo/Cena,"Alto, Medio",No,7,"No está mal pero un sitio para guiris. El halloumi estaba rico y diferente, la pasta de marisco rica aunque tampoco excepcional. Servicio muy pesado buscando propina",Throniou tis Panagias,No,,,
Primo,Yes,Cracovia,Italiana,Almuerzo/Cena,Medio,No,7,Italiano decente. La lasaña estaba ok. La pasta con gambas mejor. La Carbonara también decente. Panacotta rico.,"Kazimierza Brodzińskiego 4, 30-506 Kraków",No,,,
Province,Yes,Riga,Letona,Almuerzo/Cena,Medio,No,6,"Bar guiri total. Pan de ajo bueno, sopa buena. Dumplings muy aguados. Precios caros para lo que es",Kungu iela 2,No,,,
Przystanek Pierogarnia,No,Cracovia,Polaca,Almuerzo/Cena,Barato,No,0,Según leo los mejores pierogis de Polonia,Bonerowska 14,No,,,
Psarau,Yes,Pafos,Chipriota,Almuerzo/Cena,Medio,No,8,"Buen sitio para pescado. Porciones grandes. Si se pide la parrillada para dos pueden comer tres sin problemas. El risotto que incluye muy rico, el pescado fresco",Aristarchou 6,No,,,
Psarokaiko Chania Ψαροκάικο Χανιά,Yes,Chania (Creta),Griega,Almuerzo/Cena,Medio,No,8,"Muy rico, volvería. El kritharoto destacable, el calamar un poco duro, el chipirón con mayonesa rico. Igua probaría mas cosas",Akrotiriou 22,No,,,
Pstrąg Ojcowski,Yes,Cracovia,Polaca,Almuerzo/Cena,Barato,No,9,"Sitio para comer truchas recién hechas. Las ahumadas están de muerte, hay que probar las otras. Se llena muy rápido hay que ir temprano",Ojców 48,No,,,
Pumpkin,Yes,Göreme,Turca,Almuerzo/Cena,Medio,No,8,Muy rico para comer pottery lamb. Los mantis tambien estaban muy ricos,"Isali Mah, İçeridere Sk. No:21/A",No,,,
Quindú,Yes,Salento,Colombiana,Almuerzo/Cena,Medio,No,9,Mejor restaurante de Salento. El timbal de papas suuuuper rico. La carne con salsa de café ideal. La trucha muy rica pero igual es mejor probar otra cosa. Limonada de coco rica,Calle 2#4-46,No,,,
Rafael,Yes,Lima (Perú),Peruana,Almuerzo/Cena,Alto,No,8,"Tiradito rico pero corto. Ostras riquísimas, ensaladilla y arroz también. Flan para morir. Hay que reservar",Ca. San Martín 300,No,,,
Ramen people,Yes,Cracovia,Japonesa,Almuerzo/Cena,Medio,No,9,"El ramen espectacular, en especial el Asakusa. El bowl de arroz y carne al grill increíble. El té japonés frío súper rico","Nadwiślańska 5/L1, 30-527 Kraków",No,,,
Ravza,Yes,Alanya,Turca,Almuerzo/Cena,"Barato, Medio",No,7,El mix grill estaba decente. Las meatballs con queso no muy destacable. Bien en general pero no espectacular,"Çarşı, 10. Sk. No:16",No,,,
"ReBro - Ribs, Burgers & Steaks",Yes,Wroclaw,Americana,Almuerzo/Cena,Medio,No,,No volvería. Costillas no muy especiales. Hamburguesa esta ok,Igielna 8,No,,,
Restauracja A'Bracciate Pasta & Wine,No,Cracovia,Italiana,Almuerzo/Cena,Medio,No,7,Pappardelle al manzo not bad. Entrantes como las gambas las bolas de queso bien pero no espectacular.,Mieszczańska 10,No,,,
Restauracja Bianca,Yes,Cracovia,Italiana,Almuerzo/Cena,Medio,No,6,"Caro para lo que es. Carbonara ok, tagliatelle trufa aceitosa. Tartar normalito. 

No volvería",plac Mariacki 2,No,,,
Restauracja Pod Siekierkami,Yes,Szczawnica,Polaca,Almuerzo/Cena,"Barato, Medio",No,6,Nada del otro mundo. Los potatoes pancakes reguleros y el cordero seco y sin sal. El rosów sin sal,Zdrojowa 12,No,,,
Restauracja Przystań & Marina,Yes,Wrocław,Internacional,Almuerzo/Cena,"Alto, Medio",No,8,Restaurante muy bien en general con vistas al rio. Muy destacable el risotto con pollo. Los raviolis no muy allá. El carpaccio rico.,"Księcia Witolda 2, 50-202",No,,,
Restauracja Tu Można Marzyć,Yes,Gdańsk,Universal,"Almuerzo/Cena, Postre/Tartas",Medio,No,8,,Rybińskiego 25,No,,,
Restaurante Aladdin,Yes,Sevilla,Libanesa,Almuerzo/Cena,Medio,No,6,No volvería. Hummus bien pero pinchos de todos los tipos muy secos. Kebab decente.,"C. Juan Antonio Cavestany, 6",No,,,
Restaurante Alfileritos 24,Yes,Toledo,Española,Almuerzo/Cena,"Alto, Medio",No,8,Un 8 por las croquetas. El redondo de ciervo no espectacular. El canelon rico y el solomillo de ciervo bien aunque le faltaba sal. Exploraría un poco mas la carta,"C. Alfileritos, 24",No,,,
Restaurante Aqui,Yes,Toledo,Española,Almuerzo/Cena,"Alto, Medio",No,7,No estuvo mal pero caro para lo que es. Queso no merece la pena. Tataki rico y solomillo de ciervo también. Desconstruccion de crema catalana super rico.,"Pl. Corral de Don Diego, 5",No,,,
Restaurante barrio campestre,Yes,Bucaramanga,Colombiana,Almuerzo/Cena,Barato,No,7,Pechuga riquísima de la picada aunque la carne y los chicharrones no muy allá. Vistas muy bonitas,"Junto al peaje, Don Ruben, Lebrija, Santander",No,,,
Restaurante Bendala,Yes,Sevilla,Española,Almuerzo/Cena,"Alto, Medio",No,7,Rico. Parrillada decente. Zamburiñas muy ricas. Ensaladilla buena. Croquetas también. Tortilla un poco seca y tartar con mucho pimiento,"P.º de Catalina de Ribera, 4",No,,,
Restaurante Cañadio,No,Madrid,Española,Almuerzo/Cena,Alto,No,0,"Parece ser que tiene barra de pinchos. 
Según dicen unas de las mejores tortillas de Madrid",Calle Conde de Penalver 86,No,,,
Restaurante Da Uli,Yes,Corralejo,Italiana,Almuerzo/Cena,Barato,No,8,Impresionante. La carbonara espectacular. Pasta al ragú increíble y croquetas divinas. Para volver,"C. José Segura Torres, 9",No,,,
Restaurante el Churrasco,Yes,Córdoba,Española,Almuerzo/Cena,"Barato, Medio",Yes,8,"Tapas buenas, churrasco también aunque no pidieron el punto. Patatas a lo pobre y croquetas muy destacables","C. Romero, 16",No,,,
Restaurante El Faro,Yes,Cádiz,Española,Almuerzo/Cena,Alto,Yes,9,"Coste de menú 50€. El atún con tomate espectacular, la ensaladilla de papas increíble. Nada mal el erizo. Croqueta también. Muy buen servicio. Café peste.

Navajas no muy allá","Calle San Félix, 15, 11002 Cádiz",No,,,
Restaurante El Mono,Yes,Aratoca,Colombiana,Almuerzo/Cena,Barato,No,8,"Chorizos espectaculares, especialmente el de ternera. Arepa de chocolo muy rica y papas chorreadas. Parada obligatoria, solo cash",,No,,,
Restaurante José Fernando,Yes,Finlandia,Colombiana,"Almuerzo/Cena, Postre/Tartas",Medio,No,8,El solomillo con salsa de queso riquísimo. Postre de hojaldre muy bueno. La decoración y el servicio muy buenos,Cra. 5 #7-61,No,,,
Restaurante la Jaira,Yes,Puerto del Rosario,Española,Almuerzo/Cena,Medio,No,6,Decepcionante. Pulpo nada del otro mundo. Carne de jaira cara y average. Fideos con chipirones malos. Croquetas ok. No volvería,"C. la Cruz, 26",No,,,
Restaurante La Penela,No,Madrid,Española,Almuerzo/Cena,Alto,No,0,Recomendable la tortilla,Velázquez 96,No,,,
Restaurante La Vaca Azul,Yes,El Cotillo,Española,Almuerzo/Cena,"Alto, Medio",No,8,Súper rico para pescado. El pescado fresco a la sal buenísimo. El queso majorero rico. Nos quedamos con ganas de probar los langostinos. Pulpo no repetiríamos.,"Calle Requena, 9",No,,,
Restaurante La Zarzuela,No,El Ejido (Almería),Española,Almuerzo/Cena,Alto,No,0,Arroz de pulpo según he visto tiene muy buena pinta,"Paseo Levante, 2",No,,,
Restaurante Socarra,Yes,Sevilla,Española,Almuerzo/Cena,"Barato, Medio",No,7,Tipico bar de barrio aunque las paellas no estaban espectaculares. La ensaladilla ok y las croquetas también. El arroz caldoso mejor que el seco.,Avenida de Finlandia,No,,,
Restaurante Vida Loca,Yes,Sevilla,Española,Almuerzo/Cena,Medio,No,7,No esta mal. Croquetas muy buenas. Papas aliñadas no me gustaron. Albóndigas ok y presa ok pero sin sal. Montadito de langostino muy rico. Tarta de queso y brownies no muy alla,"C. Relator, 56a",No,,,
Restaurante Xoanes,Yes,Portomarín,Española,Almuerzo/Cena,"Alto, Medio",No,7,No estuvo mal. Pulpo gratinado duro. Vierias no muy especiales pero el chuletón estuvo ideal.,"Rúa Fraga Iribarne, 4",No,,,
"Restorant ""Poçeria Vjetër""",Yes,Kavaje,Italiana,Almuerzo/Cena,Medio,No,7,"Sitio de comida italiana. El risotto con marisco ok. La tagliatelle con trufa muy rica.

Panacota ok

Sitio súper bonito","Rruga Mjeshtrat e Qeramikës, Kavajë",No,,,
Ribs on fire,Yes,Cracovia,Americana,Almuerzo/Cena,Medio,No,8,Costillas,ul. Bozego Ciala 14,No,,,
Rincón 33,Yes,Valencia,Española,Almuerzo/Cena,"Alto, Medio",No,8,Paella y langostinos súper ricos. Creme brulee destacable. Croquetas decentes. Bravas no tan mal. Para volver. Hay que reservar,"C. de la Corretgeria, 33",No,,,
Ristorante Quattro mani,Yes,Palermo (Sicilia),Italiana,Almuerzo/Cena,"Alto, Medio",No,7,No volvería. Las albóndigas de ricotta super ricas. Los raviolis de gambas también. La pasta de trufa muy insípida. Muy carísimo para lo que era.,"Via Francesco Riso, 3",No,,,
Ristorante Sant’Antioco,Yes,Cracovia,Italiana,Almuerzo/Cena,Alto,No,7,Recomendable la pasta con marisco. La carne no muy buena. Sobrevalorado,Mikolajska 30,No,,,
RISTORANTE SANTA CATERINA,Yes,Cracovia,Italiana,Almuerzo/Cena,Alto,No,7,Carísimo. Carbonara ok y raviolis average. Probamos las brusquetas con gambas y el tartar y decentes. Agua 4 euros. Servicio 10%. No volvería. Tiramisú ok.,"c/o Avanti Palazzo, Karmelicka 7",No,,,
Ristorantino,Yes,Cracovia,Italiana,Almuerzo/Cena,"Barato, Medio",No,6,"No merece mucho la pena. Servicio pesimo, salsas aguadas.",Miodowa 51A,No,,,
Rous restaurant,Yes,Nicosia,Chipriota,Almuerzo/Cena,Alto,No,8,"Comida genial, propia de Michelin. Los macarrones con salsa de boletus alucinantes. Tartar y berenjenas decente. Carne excepcional. Raviolis con Anari no muy especiales","Avenue, Kyriakou Matsi 16",Yes,,,
Royal India,Yes,Gante,India,Almuerzo/Cena,"Alto, Medio",No,8,Súper bueno todo. El Naan con ajo súper rico y el cordero Rogan Josh incluso más bueno que el butter chicken. Súper recomendable,Donkersteeg 19,No,,,
Rozalia,Yes,Atenas,Griega,Almuerzo/Cena,"Barato, Medio",No,7,"No estuvo mal. Pastitsio decente, souvlaki tambien y keftedes y queso cretense frito muy bueno.",Valtetsiou 59,No,,,
Sal gorda,Yes,Sevilla,Española,Almuerzo/Cena,Barato,Yes,8,"Muy recomendable. Cube steak, tartar y croquetas buenísimos. Cola de toro también. Risotto no muy destacable",,No,,,
Salis,Yes,Chania (Creta),Griega,Almuerzo/Cena,"Alto, Medio",No,7,"Si no tengo otra opción volvería pero no muy destacable. Patatas fritas, calamares y berenjenas fueron el top. La pasta con pistacho y el seabass decepcionante.",Akti Enoseos 3,No,,,
Salta Resto,Yes,Cracovia,,Almuerzo/Cena,Alto,No,8,,,No,,,
Sansho,Yes,Praga,Japonesa,Almuerzo/Cena,"Alto, Medio",No,8,Muy rico todo. Elegimos el menú Funky que fue como 70€ por persona y acabamos llenisimos. Los dumplings para morir y el solomillo con salsa de coco. También el cangrejo en tempura y el tartar super bueno.,Petrská 1170/25,No,,,
Scale restaurant,Yes,Nicosia (Chipre),Chipriota,"Almuerzo/Cena, Postre/Tartas",Alto,No,9,"Increíble. El prawn giuvetsi increíble, para llorar. El cordero al grill el mejor que he probado. Carpaccio súper rico y creme brulee ok.

Agua 5€ y cocacola 3€.

Mejor reservar. El mejor sitio en Nicosia de momento",15 Stasinou Avenue Nicosia,No,,,
Scratch Cookery,Yes,San Jose,Americana,Almuerzo/Cena,Medio,No,9,Espectacular. El mejor pollo frito que he comido nunca. El de aliño de butter milk simplemente espectacular,30 Fountain Alley #150,No,,,
Seawolf Athens,Yes,Atenas,Griega,Almuerzo/Cena,"Alto, Medio",No,6,No de mi estilo. Fava correcto y fish tacos ok pero nada especial. Giuvetsi soso y nada del otro mundo y la pasta con octopus tenia sabor raro,Δημητρακοπούλου 35,No,,,
Sempati Türk Mutfağı,Yes,Kas,Turca,Almuerzo/Cena,Medio,No,8,Manti riquísimo. Hummus bien. El kebab con manzana no muy allá. Las tortitas de calabacín super ricas,"Andifli, Uzun carsı gürsoy sokak no 11",No,,,
Seriani,Yes,Serifos (Grecia),Griega,Almuerzo/Cena,Alto,No,9,"El mejor restaurante de Serifos. Mousakka riquisimo, calamari de entrante también, kebab, pasta con carne de oveja (fuera de carta) espectacular y por ultimo el galaktoboureko. El ekmek fue lo único que no me sorprendió. Hay que reservar.",Serifos,No,,,
Shadow Resto & Bar | Kazimierz,Yes,Cracovia,Internacional,Almuerzo/Cena,"Alto, Medio",No,6,"Carísimo para lo que es. Los palitos de halloumi ok, el tartar sabía demasiado a pimiento y el pato muy seco.",Starowiślna 41,No,,,
Sixta,Yes,Viena,Austriaca,Almuerzo/Cena,Alto,No,8,Muy buen sitio para comer comida austriaca. El empanado de venado estaba súper rico y el solomillo con salsa de vino súper rico también. Hay que reservar,Schönbrunner Str. 21,No,,,
Skuna,Yes,Marsaxlokk,Italiana,Almuerzo/Cena,Medio,No,8,"Alucinante la parrillada de pescado de dos personas. Los mejillones espectaculares, aunque mucho para 2 personas, 4 ideal","Triq It-Torri Vendome, Marsaxlokk",No,,,
Smakolyki Restaurant,Yes,Cracovia,Polaca,Almuerzo/Cena,Barato,No,8,Muy buena comida polaca. Sopas destacables,Straszewskiego 28,No,,,
Soul kitchen,Yes,Varsovia,Polaca,Almuerzo/Cena,Alto,No,8,"Sitio buenísimo. El zurek con champiñones diferente y el mejor que he probado. El tartar tambien. El pato increíble y te lo preparan en frente. Carrilleras normalitas. Para repetir

Tartar de ganso y trufas súper rico. Risotto genial. El kotlet no muy allá.",Nowogrodzka 18A,No,,,
Starka | Restaurant & Vodkas Restauracja Starka Kraków,Yes,Cracovia,Polaca,Almuerzo/Cena,Medio,No,7,No está mal. Pierogis de carrillada ricos. La sopa similar a zurek average. El pato rico.,Józefa 14,No,,,
Stefanakos Tavern,Yes,Serifos,Griega,Almuerzo/Cena,"Barato, Medio",No,8,"Da lo que promete, keftedakia riquisimas, calabacin frito genial y muy buen skordalia. Tiene vistas super bonitas pero se llena muchisimo","Ψιλή Άμμος, Serifos 840 05, Greece",No,,,
Stół,Yes,Wroclaw,Polaca,Almuerzo/Cena,"Medio, Muy alto",No,8,El chef te hace un cuestionario y te prepara lo que quiere teniendo en cuenta tus gustos. Barato para lo que es. Hay que reservar con antelación.,"Szwedzka 17A, 54-401",No,,,
Stopklatka,Yes,Cracovia,-,Café,Barato,No,8,Chocolate bueno. Tartas tambien,Kazimierza Brodzińskiego 8,No,,,
Street burgers,Yes,Riga,Americana,Almuerzo/Cena,"Barato, Medio",No,8,Hamburguesas muy rica. La de jack daniels buena y sabía a grill. Me hubiera faltado un poco de sal pero bueno. Batatas ricas,Blaumaņa iela 10,No,,,
Sufra,Yes,Amman,Jordana,Almuerzo/Cena,Medio,No,8,"Súper rico el kunefe soft. El mix de carne recomendable, pollo espectacular.

Muttabal súper rico",Al Rainbow St 26,No,,,
Sumi Sushi,Yes,Cracovia,Japonesa,Almuerzo/Cena,Medio,No,7,,Szlak 47,No,,,
Taberna Góngora,Yes,Córdoba,Española,Almuerzo/Cena,Barato,No,8,"Albóndigas de venado para llorar. Cola de toro muy buena. Flamenquin decente pero mucha comida para dos personas con esos tres platos. Se llena muy rápido, mejor ir sobre las 15","C. Conde de Torres Cabrera, 4,",No,,,
Tamam,No,Cracovia,Turco,Desayunos,,No,0,,,No,,,
TAMAM RESTAURANT,Yes,Chania (Creta),Griega,Almuerzo/Cena,Medio,No,8,"Le doy 8 por la calidad de la comida. Bifteks con queso dentro riquisimos, mousaka de 10 y patatas con queso staka geniales. Un poco guiri pero la comida genial.",49 Zampeliou str Old Harbour,No,,,
Tasquinha da Vila,Yes,Paço de Arcos,Portuguesa,Almuerzo/Cena,Medio,No,7,Carpaccio de pulpo y carrilladas muy buenas. El resto normal. El precio caro para lo que es,Pç da República 4,No,,,
Taverna Peshkatari 2,Yes,Sarandë,Albanesa,Almuerzo/Cena,Medio,No,7,Correcto. Pulpo un poco duro pero calamares y gambas en salsa ricos. Servicio bueno,Rruga Idriz Alidhima 128,No,,,
Taverna Xigia,Yes,Zakynthos,Griega,Almuerzo/Cena,Alto,No,7,"Vistas incomparables. Comida aceptable pero pagas las vistas. Queso destacable, calamares y pulpo estaban buenos",Camino a Micro Nisi desde Zakynthos,No,,,
Tehran Restauracja,Yes,Varsovia,Persa,Almuerzo/Cena,"Alto, Medio",No,6,Bastante caro para lo que es. La carne buena pero no muy especiada. El té bueno pero muy caro. No merece la pena en cuestiones calidad-precio,Konstantego Ildefonsa Gałczyńskiego 9,No,,,
The Cork,Yes,Wroclaw,Internacional,Almuerzo/Cena,"Alto, Medio",No,8,Servicio genial. Recomendado el pan con aceite y el foundant de pistacho. Risotto no muy allá ni solomillo tampoco. Jabalí ok.,Igielna 14/15,No,,,
The Old chocolate house,Yes,Brujas,Belga,"Café, Desayunos, Postre/Tartas",Medio,No,8,,"Mariastraat 1a, 8000 Brugge, Belgium",No,,,
The Patio,Yes,Haridwar,India,Almuerzo/Cena,"Barato, Medio",No,7,"Pasta insípida, sándwich con queso y pesto medio que. Las vistas muy bonitas y tranquilo","opposite Deen Dayal Parking, Gau Ghat, Har Ki Pauri, Haridwar",No,,,
The Seafood Bar,Yes,Amsterdam,Internacional,Almuerzo/Cena,Alto,No,7,,Van Baerlestraat 5h,No,,,
Thes ''Greek Creative Cuisine'',Yes,Atenas,Griega,Almuerzo/Cena,"Alto, Medio",No,6,"Demasiado trampa de guiris. El tartar estaba rico, las croquetas con feta ok y el pastitsio nada del otro mundo.

El pulled lamb ok pero nada especial para el precio.",Taki 16,No,,,
Tiki Bar Riga,Yes,Riga,Mexicana,Almuerzo/Cena,Barato,No,6,Es un sitio de copas. Los aperitivos son básicamente precalentados y nada especiales. Recomendable el cóctel con absenta,"Audēju iela 8, Centra rajons, Rīga, LV-1050, Latvia",No,,,
Tirsana,Yes,Cracovia,India,Almuerzo/Cena,Medio,No,9,Mejor comida india de Cracovia. Butter chicken espectacular. Naan rico. Cordero no tan recomendable,Marszałka Józefa Piłsudskiego 25,No,,,
To maridaki,Yes,Chania (Creta),Griega,Almuerzo/Cena,Medio,No,7,Buena opción para pescado. Pedimos el variado para dos personas y las gambas saganaki y muy ricas,Daskalogianni 33,No,,,
To Tsoukali,Yes,Arachova,Griega,Almuerzo/Cena,Medio,No,9,Espectacular. La sopa de tomate con traxanas pa morirse. El queso feta con sesamo super rico. El cerdo también. Las keftedes normalitas. La fava pa morirse,Delfon,No,,,
Tocayo,Yes,Nicosia,Chipriota,"Almuerzo/Cena, Postre/Tartas","Alto, Medio",No,8,Tartar rico y el arroz súper. El postre no muy allá. El tataki de tuna no muy allá. Los souvlakis ricos.,,No,,,
Tohqa ⭐️,Yes,Puerto de Santa María,Española,Almuerzo/Cena,Muy alto,No,9,Estrella michelín. Genial. Servicio muy bueno y platos super bien. El menú tohqa fue la mejor elección (no incluye maridaje),"C. los Moros, Número 4",No,,,
Topdeck cave,Yes,Göreme,Turca,Almuerzo/Cena,Medio,No,8,Muy tradicional. El lamb slow cooked estaba súper rico. Hay que reservar,"Aydınlı - Orta, Hafız Abdullah Efendi Sk. No 15",No,,,
Tradevo,Yes,Sevilla,Española,"Almuerzo/Cena, Postre/Tartas","Alto, Medio",Yes,7,Muy carísimo para lo que es. Boquerones muy ricos y los tallarines de sepia con boloñesa.,,No,,,
Tragaluz,Yes,Lima (Perú),Peruana,Almuerzo/Cena,Alto,No,8,Comida super rica. Las conchas geniales y las croquetas. Arroz al carbon muy rico y postre de papa buenisimo. Pollo al BB normalito.,"Mal. de la Reserva 1035, Miraflores",No,,,
Trashumante,Yes,Sevilla,Española,Almuerzo/Cena,Medio,Yes,7,Tataki Rico. Solomillo muy seco. Croquetas no cremosas.,"Feria, 109",No,,,
Trzy Rybki,No,Cracovia,,Almuerzo/Cena,Alto,No,0,Recomendado por la revista Ryanair,Szczepańska 5,No,,,
Tua madre,Yes,Évora (Portugal),Portuguesa,Almuerzo/Cena,"Alto, Medio",No,7,"Muy caro para lo que es. Pasta muy rica, lo demás nada del otro mundo",Alcarcova de Baixo 55,No,,,
Usagi,Yes,Varsovia,,"Café, Postre/Tartas",Medio,No,6,Nada especial. Decoración cuqui pero el café y las tartas bastante reguleros.,Szpitalna 5,No,,,
Vamos!,Yes,Cracovia,Española,Almuerzo/Cena,Medio,No,7,"Está bien. Comida española con pinxtos. Destacable las beans, pasta y pescado del dia (bacalao). No pedir el tartar",Kazimierza Brodzińskiego 6,No,,,
Viklari,Yes,Pafos (Chipre),Chipriota,Almuerzo/Cena,Medio,No,7,Menu fijo. Las vistas espectaculares. La carne buena aunque podría haber estado un poco más jugosa. En general muy bien. Hay que reservar para que te pongan con vistas directas al mar,"Avakas Gorge Rd, Peyia, Cyprus",No,,,
Voltereta París,Yes,Sevilla,Española,Almuerzo/Cena,"Alto, Medio",No,7,Decoración muy chula. Hay que reservar. Croquetas y brioches buenos. Presa fría y seca. Tortilla sin sal. Fetucini con pesto y pistachos normal. Algunos platos fríos.,"C. Santo Domingo de la Calzada, 3",No,,,
Vradipus,Yes,Chios,Griega,Almuerzo/Cena,Medio,No,7,Comida diferente. Fava super rica. El pescado algo escaso. El beef con queso muy rico. Volvería,Agiou Georgiou Frouriou 18,No,,,
Waroeng Padang Lapek,Yes,La Haya (Países Bajos),Indonesa,Almuerzo/Cena,Medio,No,7,Comida casera indonesa. El pollo satay y nasi goreng ricos. El pollo al curry super picante.,Schoolstraat 35,No,,,
Well done,Yes,Cracovia,Americana,Almuerzo/Cena,Medio,No,6,,,No,,,
Wesola Cafe,Yes,Cracovia,-,"Café, Desayunos",Alto,No,8,"Muy buenos desayunos, los croissants están calentitos y hay mucha variedad. El revuelto con halloumi en el brioche suuuper rico",,No,,,
Wiệtnam,Yes,Cracovia,Vietnamita,Almuerzo/Cena,"Barato, Medio",No,7,No está mal. Las empanadas (2) y rollitos de champiñones riquísimos. El pollo bien.,Kazimierza Brodzińskiego 2,No,,,
Wine Garage,Yes,Cracovia,Internacional,Almuerzo/Cena,Medio,No,7,"Bar de vinos. No esta mal. Tartar y pato buenos. Tagliatele, gambas y bravas ok.",Jana Zamoyskiego 24,No,,,
Wood Ranch,Yes,Camarillo (California),Americana,Almuerzo/Cena,"Alto, Medio",No,7,Bien si pilla de paso. Costillas de beef muy ricas. Mac and cheesy muy bueno. Brisket no recomendable,"1101 E Daily Dr, Camarillo",No,,,
Wooden spoon,Yes,Göreme,Turca,Almuerzo/Cena,Barato,No,9,De la mejor comida de Göreme. La cazuela con lamb exquisita y el pottery chicken super rico,"aydınlıorta mahalle, Hafız Abdullah Efendi Sk. No:17",No,,,
Współwinni,Yes,Cracovia,Internacional,"Almuerzo/Cena, Copas",Medio,Yes,7,"Muy buenos cócteles, puedes imprimir una foto. La carbonara ok, nada del otro mundo. Tienen aceitunas y algunas tapas españolas.","Armii Krajowej 19, 30-150 Kraków",No,,,
Ydrolithos,Yes,Serifos (Grecia),Griega,Almuerzo/Cena,Alto,No,6,"Intento de restaurante pijo. No tenían ni pan. El pollo average, el arroz sin sabor y el calamar un poco duro. El servicio malo y lento.",Livadi (Serifos),No,,,
Yengeç Restaurant,Yes,Fethiye,Turca,Almuerzo/Cena,Medio,No,8,"Los chipirones, gambas y dorada espectaculares",2. Karagözler,No,,,
Youkali Amorgos,Yes,Katapola (Amorgos),Griega,Almuerzo/Cena,Medio,No,7,No está mal. Las sardinas ricas y el feta con filo. Lubina no especial. La pasta con mejillones rica. Hummus rico,Ξυλοκερατίδι,No,,,
Zabłocie 13,Yes,Cracovia,Americana,Almuerzo/Cena,"Barato, Medio",No,7,Mediocre. Para no volver. Pasta carbonara cuajada y postres congelados,"Zabłocie 13, 30-701 Kraków",No,,,
Zayka,Yes,Cracovia,India,Almuerzo/Cena,Medio,No,7,No esta mal. El butter chicken diferente. Arroz bismani no muy destacable. El kebab de pollo super rico,Józefa Dietla 50/1,No,,,
Zdrowa Krowa - Steki - Burgery - Sałatki,Yes,Cracovia,Americana,Almuerzo/Cena,Medio,No,8,Hamburguesas muy ricas. Recomendable la creme brule,Szlak 50,No,,,
Zielone Tarasy,Yes,Cracovia,Italiana/Polaca,Almuerzo/Cena,Medio,No,7,Comida razonable y vistas muy bonitas,aleja Juliusza Słowackiego 64,No,,,
Ατλαντικός,Yes,Atenas,Griega,Almuerzo/Cena,"Barato, Medio",No,8,"Muy rico para pescado. Calamar, skordalia y boquerons muy ricos. Sardinas no merecian mucho la pena",Αυλητών 7,No,,,
Διαμαντούλα,Yes,Θερμοπύλες,Griega,Almuerzo/Cena,Barato,No,8,"El cordero al horno para morirse (patatas incluidas). La salchicha ok, nada del otro mundo. Solo cash.",Θερμοπύλες,No,,,
Εφτά Άϊ Γιώρκηδες ταβέρνα,Yes,Pafos (Chipre),Chipriota,"Almuerzo/Cena, Postre/Tartas","Barato, Medio",No,7,"Pagas 20€ y te dan all you can get. Bebidas caras, 4€ cada una, casi que mejor pedir agua. La comida muy rica y variada, bastante casera. El brownie súper rico","Anthipolochagou Georgiou Savva 37, Yeroskipou 8201, Cyprus",No,,,
Η Παλιά Πλάκα - Palia Plaka,Yes,Kefalonia,Griega,Almuerzo/Cena,Medio,No,8,"Comida muy buena, destacable la Κρεατόπιτα, que es típica de Kefalonia y la
Σουτζουκάκια με ρύζι","Αγνής Μεταξά 2 Agnis, Metaxa 2, Argostoli 281 00, Greece",No,,,
Κουτουρού Καφενείο Ουζερί,Yes,Pafos,Chipriota,Almuerzo/Cena,"Alto, Medio",No,8,"Imprescindible el halloumi al horno. Las gambas al ajillo no muy destacables. El carpaccio súper rico. La salchicha no espectacular.

Probar el risotto, espectacular.

La zanahoria rica también","Filippou Antoniaidi, Paphos, Cyprus",No,,,
Μαλτεζάνα μαμ,Yes,Ανάληψη,Griega,Almuerzo/Cena,"Barato, Medio",No,8,Suuuper rico. La mousaka de las mejores. El lataikako genial. Pescado super bueno. Super tranquilo,Ανάληψη,No,,,
Ο Γύρος,Yes,Kerkira (Corfu),Griega,Almuerzo/Cena,Barato,No,9,El mejor gyros hasta la fecha. Pedir el de cerdo y con yogur. Experiencia orgasmica,Kalocheretou 3,No,,,
Παπαλίνα,Yes,Atenas,Griega,Almuerzo/Cena,"Alto, Medio",No,8,Muy rico. Super recomendable los salmonetes con panko y salsa de ouzo. Gambas saganaki y melizanosalata muy rica. Papalina con mermelada no muy allá,Πραμάντων 20,No,,,
Στον Πύργο,Yes,Arkesini,Griega,Almuerzo/Cena,"Barato, Medio",No,8,Los garbanzos super ricos. Katsikaki super blandito y las keftedakia también.,"ΑΓΙΑ ΤΡΙΑΔΑ, Arkesini",No,,,
"Ταverna ""Ο Θόδωρος""",Yes,Thessaloniki,Griega,Almuerzo/Cena,"Barato, Medio",No,8,Recomendada la parrillada. Las patatas con queso no muy allá. Comida muy rica.,Paparrigopoulou 15,No,,,
Ταβέρνα Σκάρος,Yes,Kalambaka,Griega,Almuerzo/Cena,Barato,No,8,Grill super rico. Recomendado la parrillada para dos personas,ΕΟ Τρικάλων Ιωαννίνωω,No,,,
,No,,,,,No,,,,No,,,
,No,,,,,No,,,,No,,,
,No,,,,,No,,,,No,,,
